SK_ID_CURR,TARGET
428491,1.0
366011,1.0
388298,1.0
201596,1.0
296970,1.0
243511,1.0
260262,1.0
433832,0.0
291810,1.0
387323,0.0
342096,1.0
396134,1.0
413140,0.0
455501,1.0
384728,1.0
327825,1.0
193145,1.0
162958,1.0
270624,0.0
170886,1.0
295934,0.0
108736,0.0
100100,1.0
267252,1.0
123174,1.0
137545,1.0
183297,1.0
352979,1.0
415660,0.0
144201,0.0
238900,1.0
177622,1.0
370082,0.0
250117,1.0
242977,1.0
289713,1.0
215429,1.0
244355,1.0
280014,1.0
424485,1.0
205292,1.0
233034,0.0
304400,1.0
259495,1.0
311384,1.0
187807,1.0
275752,1.0
260638,1.0
162671,1.0
344286,1.0
200305,1.0
349783,1.0
244568,1.0
140385,0.0
399413,1.0
361049,1.0
305078,1.0
272183,0.0
352435,0.0
175248,1.0
195264,1.0
273935,1.0
274673,1.0
115761,0.0
435356,1.0
231185,1.0
271958,1.0
360936,1.0
157107,1.0
158252,1.0
329784,0.0
140877,1.0
148072,1.0
180925,1.0
136142,1.0
121079,1.0
448233,1.0
372760,0.0
416469,1.0
418961,1.0
182203,0.0
362371,0.0
289483,1.0
244153,1.0
364261,0.0
180356,0.0
423806,1.0
364207,1.0
113378,1.0
420061,0.0
329961,0.0
280676,0.0
452961,1.0
229084,1.0
251467,1.0
408150,1.0
105346,1.0
448172,1.0
398514,0.0
294804,0.0
330595,1.0
207031,1.0
241011,0.0
431087,1.0
384553,1.0
436688,1.0
435709,1.0
312779,0.0
203083,1.0
133185,1.0
445626,0.0
324807,1.0
276077,1.0
452965,1.0
154576,1.0
365351,1.0
113974,0.0
185842,1.0
346728,1.0
287551,1.0
410743,1.0
212595,1.0
350856,1.0
253505,1.0
281209,1.0
300836,1.0
173461,1.0
194122,0.0
320235,1.0
409272,1.0
124805,1.0
404833,1.0
315564,1.0
137093,1.0
259138,1.0
159045,1.0
105545,1.0
202801,1.0
270082,1.0
232909,1.0
253916,1.0
358390,1.0
174492,1.0
115880,0.0
248216,1.0
222576,1.0
367105,1.0
144330,1.0
379443,1.0
250954,1.0
241058,1.0
321084,0.0
179018,1.0
415242,0.0
426107,0.0
367002,1.0
242145,1.0
409486,0.0
310073,1.0
446036,1.0
184761,1.0
412156,1.0
347187,1.0
418154,1.0
208446,0.0
153487,1.0
307545,1.0
280626,1.0
403061,1.0
373952,1.0
125800,1.0
266094,1.0
236930,1.0
420893,1.0
236337,1.0
175192,1.0
202888,1.0
123133,1.0
279976,1.0
332109,1.0
341500,1.0
399372,1.0
373884,0.0
140481,1.0
374217,1.0
356487,1.0
407741,1.0
286941,1.0
327022,1.0
159621,1.0
340178,1.0
188640,1.0
252264,1.0
102091,1.0
274963,0.0
423991,1.0
353113,1.0
348502,1.0
306813,1.0
345545,1.0
420679,1.0
180514,1.0
361739,1.0
154118,0.0
336331,1.0
242277,0.0
430798,0.0
251060,1.0
365019,1.0
320206,1.0
273573,1.0
156672,1.0
145836,0.0
417530,1.0
216819,1.0
428560,1.0
120232,1.0
273557,1.0
348206,1.0
335551,1.0
410386,1.0
192123,1.0
294949,1.0
191273,1.0
138801,1.0
199930,0.0
340172,1.0
308075,1.0
244841,0.0
345969,1.0
398237,1.0
424764,1.0
220866,1.0
380542,1.0
330167,0.0
128574,1.0
383264,1.0
289256,1.0
229094,1.0
315861,1.0
402472,1.0
209724,1.0
201216,1.0
254911,1.0
205440,1.0
221764,1.0
269231,1.0
261801,0.0
430096,0.0
186057,1.0
448489,0.0
166181,1.0
228789,1.0
418675,1.0
198302,1.0
236941,1.0
106074,1.0
363483,1.0
201693,1.0
334907,1.0
196382,1.0
190988,1.0
328276,1.0
429311,1.0
106929,1.0
257917,1.0
103190,1.0
346976,1.0
278431,0.0
209460,1.0
391540,1.0
223355,1.0
185979,1.0
327983,1.0
271849,1.0
107192,1.0
297502,1.0
134028,1.0
427442,1.0
204513,1.0
355553,1.0
109384,1.0
182508,0.0
206476,1.0
233768,1.0
132581,1.0
343110,1.0
243303,1.0
438262,1.0
427533,0.0
405524,0.0
175979,1.0
267381,1.0
455355,1.0
195358,1.0
156926,1.0
275759,1.0
248278,1.0
157392,1.0
123335,0.0
408654,1.0
185033,1.0
402319,1.0
321501,1.0
133350,1.0
373134,1.0
279090,1.0
410391,0.0
385064,1.0
258453,1.0
440619,1.0
424076,1.0
390927,0.0
167633,1.0
280219,1.0
142548,1.0
307446,1.0
347620,1.0
371227,1.0
412717,1.0
270994,1.0
345920,0.0
218979,1.0
429172,1.0
214854,0.0
382830,1.0
390151,1.0
222780,1.0
224338,1.0
422119,1.0
334697,1.0
129781,1.0
258045,1.0
244397,1.0
126970,1.0
302913,1.0
449290,1.0
262738,1.0
335046,1.0
226843,1.0
392806,0.0
175460,1.0
264492,0.0
409737,0.0
368605,1.0
266520,1.0
124510,1.0
235663,1.0
231292,1.0
100167,1.0
295591,1.0
295366,1.0
105988,1.0
328007,1.0
430703,0.0
161550,0.0
162486,1.0
162214,1.0
145108,1.0
121244,1.0
236640,1.0
124140,1.0
172870,1.0
386564,1.0
137904,1.0
156350,1.0
379181,0.0
204472,1.0
275063,1.0
143313,1.0
429915,1.0
109694,1.0
251218,1.0
243997,1.0
427751,0.0
414764,1.0
386737,1.0
131814,1.0
123521,1.0
355019,1.0
356056,1.0
435883,1.0
141009,1.0
269125,1.0
429362,1.0
150021,1.0
113591,1.0
346550,1.0
369714,1.0
357981,1.0
350381,1.0
250086,1.0
170838,1.0
388803,1.0
290376,1.0
188603,1.0
132326,1.0
137797,1.0
334260,1.0
145797,1.0
392489,1.0
445735,1.0
377432,1.0
132855,1.0
147518,0.0
401847,1.0
428936,1.0
204641,1.0
253901,0.0
103684,1.0
401986,1.0
271764,1.0
454201,0.0
214629,1.0
336314,1.0
230022,1.0
104307,1.0
338765,0.0
182414,0.0
269845,1.0
101182,1.0
113590,1.0
213993,0.0
259575,1.0
246511,1.0
374641,1.0
197665,1.0
384666,1.0
227534,1.0
232318,1.0
136082,1.0
261236,1.0
349703,0.0
319534,1.0
124916,1.0
313449,0.0
447728,1.0
285342,1.0
174436,1.0
307431,1.0
365659,1.0
197021,1.0
404431,1.0
365187,0.0
390434,1.0
442463,1.0
176735,1.0
147546,1.0
431268,0.0
273930,1.0
319107,0.0
357937,1.0
400989,1.0
450391,1.0
255354,1.0
159181,1.0
367497,1.0
258796,1.0
101970,1.0
208124,0.0
256910,1.0
351809,1.0
273596,1.0
296550,1.0
159947,1.0
329446,0.0
329900,1.0
362025,1.0
400559,1.0
307128,1.0
337947,1.0
374394,1.0
397684,1.0
225620,1.0
191321,1.0
390918,0.0
117815,1.0
181217,1.0
407836,1.0
319618,0.0
239595,0.0
412606,1.0
204984,1.0
342073,1.0
455451,1.0
318051,1.0
109699,1.0
258015,1.0
365527,1.0
227178,1.0
217302,1.0
256789,1.0
143998,0.0
226980,1.0
161728,1.0
151690,0.0
328078,1.0
155123,1.0
403583,0.0
423429,0.0
282728,1.0
385198,0.0
170454,1.0
214496,1.0
304468,1.0
231517,1.0
248137,0.0
167556,1.0
412630,1.0
255833,1.0
256366,1.0
127242,1.0
365279,1.0
313055,1.0
286999,1.0
179561,1.0
209615,1.0
384013,1.0
248784,1.0
268833,1.0
448843,1.0
369808,1.0
160264,1.0
385458,1.0
282428,1.0
355342,1.0
229007,1.0
402012,1.0
373970,1.0
155736,1.0
306969,0.0
433268,1.0
318512,0.0
431072,1.0
167143,1.0
302358,1.0
174431,0.0
335954,1.0
221471,1.0
307885,1.0
307255,1.0
143571,1.0
114647,1.0
189954,1.0
221943,1.0
285822,1.0
208929,1.0
186485,1.0
247112,1.0
374900,1.0
325961,1.0
284525,1.0
310349,1.0
115194,0.0
195593,0.0
143801,1.0
161855,1.0
179685,1.0
232933,0.0
197336,1.0
394616,1.0
164221,1.0
369051,0.0
278420,1.0
253700,1.0
414370,1.0
197404,0.0
366352,1.0
205382,1.0
179471,1.0
220121,1.0
349705,1.0
238226,1.0
144856,1.0
242142,1.0
239895,0.0
221052,1.0
420469,1.0
123524,0.0
335762,1.0
221986,1.0
438477,1.0
139457,1.0
428256,1.0
284593,1.0
451642,1.0
151198,1.0
148640,1.0
192912,1.0
122780,1.0
413321,0.0
421797,1.0
287923,1.0
296990,1.0
296741,1.0
146010,1.0
314465,1.0
392419,0.0
404568,0.0
259049,1.0
161424,1.0
261985,0.0
454229,1.0
109590,1.0
315810,1.0
308025,1.0
209796,1.0
348729,1.0
368105,1.0
133835,1.0
143578,1.0
213860,1.0
258172,1.0
438988,1.0
433075,1.0
220252,1.0
353220,1.0
211542,1.0
273091,1.0
234966,1.0
353245,1.0
192040,1.0
266643,1.0
218943,1.0
113000,1.0
160745,0.0
125342,1.0
306985,1.0
309708,0.0
112419,1.0
262928,1.0
365953,1.0
168999,1.0
282811,1.0
255147,1.0
236402,1.0
452309,1.0
188537,1.0
221393,1.0
146620,1.0
115794,0.0
329477,1.0
159655,1.0
427170,1.0
209075,1.0
239592,1.0
247084,1.0
454419,1.0
190897,1.0
324911,1.0
242495,1.0
331816,1.0
117817,1.0
453739,1.0
299083,1.0
197530,0.0
296166,1.0
114751,1.0
367469,1.0
173669,1.0
399215,1.0
147885,1.0
314424,1.0
368667,1.0
423590,0.0
370399,1.0
311141,1.0
363415,1.0
336537,1.0
172975,1.0
293231,1.0
404506,1.0
449025,1.0
318867,1.0
284172,0.0
380300,1.0
448095,1.0
108036,1.0
129041,1.0
416785,1.0
401507,1.0
122735,1.0
221484,1.0
311293,0.0
136606,1.0
431919,1.0
310418,1.0
110229,1.0
444354,1.0
362607,1.0
216568,1.0
242878,1.0
175947,0.0
373163,0.0
286454,0.0
293747,1.0
120521,1.0
361656,1.0
135385,1.0
226088,1.0
326943,1.0
361265,1.0
318342,1.0
126671,1.0
242965,1.0
428334,1.0
390409,1.0
215259,1.0
113076,1.0
231442,1.0
388500,1.0
178409,1.0
321379,1.0
213706,1.0
113703,1.0
280244,1.0
271375,1.0
133759,1.0
143092,1.0
412729,1.0
221683,1.0
262401,1.0
304714,1.0
102390,0.0
362353,1.0
105526,1.0
192203,1.0
114025,1.0
198932,1.0
385438,1.0
300805,1.0
100897,1.0
185711,1.0
286780,0.0
111718,1.0
271194,0.0
363820,1.0
420520,1.0
180300,1.0
226482,1.0
256757,1.0
434217,1.0
172331,0.0
111379,1.0
454803,1.0
359825,1.0
125801,1.0
113470,1.0
268488,1.0
272952,1.0
100218,1.0
152773,1.0
213554,1.0
175563,1.0
265749,1.0
243422,0.0
307279,0.0
277995,1.0
119543,1.0
279183,1.0
309467,1.0
294441,1.0
256470,1.0
136415,1.0
341601,1.0
237607,1.0
403100,0.0
243100,1.0
144331,1.0
288749,1.0
155405,1.0
267634,1.0
397252,0.0
181761,1.0
331788,1.0
268008,1.0
207837,1.0
438959,1.0
302401,1.0
126077,1.0
320651,1.0
175550,1.0
430650,1.0
158567,1.0
130847,0.0
450512,1.0
183584,1.0
293726,1.0
135942,1.0
149044,1.0
191621,0.0
374257,1.0
417195,1.0
456021,1.0
253789,1.0
131827,1.0
281943,1.0
218148,1.0
227943,1.0
169936,1.0
251776,1.0
271996,1.0
236106,1.0
337220,1.0
374592,1.0
277209,1.0
367082,1.0
127250,1.0
300572,0.0
311960,1.0
332107,1.0
381844,1.0
353165,1.0
265886,1.0
277293,1.0
101965,1.0
258084,1.0
184067,1.0
419112,1.0
326521,1.0
130237,1.0
429753,1.0
379876,1.0
262282,1.0
148709,1.0
121372,1.0
410468,1.0
437863,1.0
153453,1.0
377521,1.0
114031,1.0
202654,0.0
291838,1.0
282193,1.0
394698,1.0
127801,1.0
144953,1.0
197374,0.0
244900,1.0
456075,1.0
407317,1.0
116072,1.0
140885,1.0
237929,1.0
289886,1.0
431589,1.0
425145,1.0
409291,1.0
394455,0.0
359332,1.0
189671,1.0
145582,0.0
268774,1.0
270145,1.0
254681,1.0
333315,1.0
303422,0.0
111614,1.0
314718,0.0
394057,1.0
264866,1.0
336728,1.0
302722,1.0
262525,1.0
444642,1.0
219792,1.0
385525,1.0
121385,1.0
439880,1.0
307600,0.0
355639,1.0
294520,1.0
126209,1.0
164080,1.0
347548,1.0
242841,1.0
149692,1.0
130182,1.0
441088,1.0
364216,1.0
243504,1.0
161445,1.0
442184,1.0
178681,0.0
206754,1.0
271775,1.0
260360,1.0
177777,1.0
100277,1.0
254705,1.0
152926,0.0
160413,1.0
305242,1.0
128708,1.0
396270,1.0
159280,1.0
367591,0.0
422591,1.0
308493,1.0
422897,1.0
285786,1.0
218050,1.0
202680,1.0
245522,1.0
448554,0.0
264921,0.0
242494,1.0
402520,1.0
194863,1.0
303057,1.0
315563,1.0
110100,1.0
358180,1.0
279773,1.0
246774,1.0
281501,1.0
374362,1.0
412148,1.0
425117,1.0
156499,1.0
177122,1.0
373832,1.0
446837,1.0
155794,1.0
233053,1.0
108357,0.0
294107,1.0
294914,1.0
423217,1.0
380843,1.0
112661,1.0
162852,1.0
434959,1.0
230285,1.0
379940,1.0
433010,1.0
292881,0.0
339021,1.0
138994,1.0
138915,1.0
366481,1.0
272473,1.0
153314,1.0
118464,1.0
377628,1.0
231483,1.0
381124,1.0
375689,1.0
322580,1.0
230888,1.0
186939,1.0
367655,1.0
263053,1.0
146039,1.0
171091,1.0
429312,1.0
303204,1.0
102025,1.0
207278,0.0
104596,1.0
378400,0.0
217818,1.0
272827,1.0
100293,1.0
403999,0.0
378103,1.0
354342,1.0
288405,1.0
218104,1.0
455780,1.0
251101,0.0
317778,1.0
447126,1.0
268737,1.0
426670,1.0
373954,1.0
315150,1.0
265552,1.0
186300,0.0
284552,1.0
313529,1.0
333184,1.0
385046,1.0
220462,1.0
180345,1.0
334559,1.0
235359,1.0
377383,1.0
270093,1.0
356613,0.0
115683,0.0
138364,1.0
413453,1.0
231524,1.0
386149,1.0
156977,1.0
421108,1.0
416468,1.0
436928,1.0
221818,1.0
418965,1.0
394976,1.0
343135,1.0
286915,0.0
436618,1.0
372619,1.0
213916,1.0
244469,0.0
203609,1.0
221588,1.0
116773,0.0
219658,0.0
389861,1.0
248707,1.0
378286,1.0
435303,1.0
146427,1.0
125077,1.0
283257,1.0
281977,1.0
138719,1.0
359313,1.0
133403,1.0
106544,1.0
444124,1.0
228582,1.0
368787,1.0
156789,1.0
372903,1.0
441604,0.0
129119,1.0
452596,1.0
279231,1.0
222100,1.0
271857,1.0
212269,1.0
135097,1.0
442977,0.0
216437,1.0
233485,1.0
324642,1.0
292701,1.0
324086,1.0
353620,1.0
239138,1.0
389848,1.0
229150,1.0
432307,1.0
239604,1.0
111413,1.0
258289,1.0
236534,1.0
257086,1.0
299542,1.0
336234,1.0
216066,1.0
266609,1.0
318124,1.0
325294,1.0
370995,1.0
135620,0.0
240088,1.0
317314,1.0
150481,1.0
454994,1.0
345895,1.0
446598,1.0
444126,1.0
138944,0.0
124241,1.0
385582,1.0
161246,1.0
249822,1.0
344184,0.0
304099,1.0
452776,1.0
161987,1.0
455036,1.0
432979,1.0
146728,1.0
193961,1.0
340411,1.0
329294,1.0
261493,1.0
168299,0.0
111571,1.0
434799,1.0
300303,1.0
428357,1.0
349672,0.0
118739,1.0
177412,1.0
436258,1.0
301189,1.0
343146,1.0
314992,1.0
117752,0.0
103612,1.0
369738,1.0
219798,1.0
173999,1.0
360641,1.0
382524,1.0
448010,1.0
291964,1.0
354486,1.0
334304,1.0
449937,1.0
280229,1.0
139482,1.0
103674,1.0
282683,1.0
247601,1.0
368182,0.0
221678,1.0
258668,1.0
150030,1.0
246643,1.0
236982,1.0
381651,1.0
252410,1.0
232896,1.0
113900,1.0
300736,1.0
387245,1.0
440271,1.0
310334,1.0
393313,1.0
432768,1.0
143155,1.0
200265,1.0
160213,1.0
373941,0.0
159296,0.0
375139,1.0
136338,1.0
183245,1.0
348976,1.0
134394,1.0
382676,0.0
316864,1.0
176996,1.0
226852,1.0
152533,1.0
396975,1.0
103040,1.0
236571,1.0
164400,1.0
319524,1.0
360698,0.0
361336,1.0
182356,1.0
432757,1.0
250252,1.0
203701,1.0
417213,1.0
136424,1.0
201995,1.0
204609,1.0
151634,0.0
427726,1.0
178514,1.0
254975,0.0
306039,0.0
417573,1.0
235251,1.0
392867,1.0
372323,1.0
111651,1.0
142836,1.0
320665,1.0
298948,1.0
357697,1.0
364676,1.0
262160,1.0
342618,1.0
291193,1.0
377908,1.0
443233,1.0
296662,1.0
422088,1.0
249144,1.0
381075,1.0
324528,1.0
257808,1.0
153939,0.0
262273,1.0
376597,1.0
160723,1.0
305152,1.0
226063,1.0
378918,1.0
140739,1.0
160422,1.0
135703,1.0
249389,1.0
315259,1.0
186617,1.0
272018,1.0
246847,1.0
125907,1.0
209430,1.0
331345,0.0
141946,1.0
129249,1.0
335828,1.0
330583,1.0
153214,1.0
297562,1.0
206772,1.0
153424,1.0
155045,1.0
158782,0.0
255104,1.0
265304,1.0
327876,1.0
299788,1.0
127987,1.0
210535,1.0
413681,0.0
371549,0.0
145614,1.0
236031,1.0
299331,1.0
267776,1.0
351183,1.0
394596,1.0
164552,1.0
342299,1.0
283755,1.0
327460,1.0
146244,1.0
275611,1.0
329744,1.0
429424,1.0
315531,1.0
287061,1.0
226442,0.0
118777,1.0
113097,1.0
287498,1.0
451060,1.0
434629,1.0
446135,1.0
145359,0.0
132694,1.0
375857,1.0
385222,1.0
317860,1.0
309189,1.0
167623,0.0
393744,1.0
100937,1.0
320340,1.0
153923,1.0
250902,0.0
204467,1.0
277497,1.0
216793,0.0
163433,1.0
220894,1.0
196706,1.0
126046,1.0
212281,1.0
365669,1.0
399885,1.0
173927,1.0
359126,0.0
121436,1.0
229755,1.0
412934,1.0
417674,1.0
123882,1.0
173415,1.0
140422,1.0
354422,1.0
447150,1.0
352019,1.0
256561,1.0
266935,1.0
446361,1.0
324085,1.0
142598,1.0
226407,1.0
106540,1.0
247307,0.0
108145,1.0
375226,1.0
180969,1.0
407189,1.0
234353,1.0
335491,1.0
283450,1.0
432373,1.0
333004,0.0
384243,0.0
451795,1.0
177502,1.0
223160,1.0
186246,1.0
323286,1.0
346154,1.0
265852,0.0
219244,1.0
309674,1.0
350363,1.0
383662,1.0
296995,1.0
123601,1.0
159344,1.0
213003,1.0
417149,1.0
272166,1.0
379015,1.0
366944,1.0
128827,1.0
261086,1.0
125096,1.0
425280,1.0
157843,0.0
152340,1.0
266082,1.0
294517,1.0
328065,1.0
318327,1.0
263005,1.0
332927,1.0
353536,1.0
195883,1.0
193736,1.0
438296,1.0
297406,1.0
335420,1.0
448793,1.0
434684,1.0
318341,1.0
164333,1.0
453054,1.0
334452,1.0
433100,1.0
219185,1.0
294663,1.0
402864,1.0
411701,0.0
430794,1.0
336743,1.0
300232,1.0
119068,1.0
453435,1.0
453014,1.0
123212,0.0
364814,1.0
380194,1.0
315333,1.0
448827,1.0
129671,1.0
394793,1.0
238490,1.0
210465,1.0
131445,1.0
453784,1.0
258098,1.0
450573,1.0
146433,0.0
185524,1.0
374185,1.0
110808,1.0
402763,0.0
400581,1.0
133005,0.0
324327,1.0
267928,1.0
441644,1.0
158989,1.0
449848,1.0
376393,1.0
300647,0.0
388039,1.0
407404,1.0
126498,1.0
182798,1.0
196059,1.0
382323,1.0
386630,1.0
379592,1.0
399309,1.0
236456,0.0
270433,1.0
249240,1.0
264099,1.0
245293,1.0
300404,1.0
296941,1.0
393615,1.0
253330,1.0
355761,1.0
169413,1.0
143266,1.0
171393,1.0
100549,1.0
116796,1.0
425025,1.0
222582,1.0
435572,1.0
271229,1.0
130433,1.0
313721,1.0
151139,1.0
445285,1.0
285574,1.0
196733,1.0
289739,1.0
280658,1.0
209501,1.0
114829,1.0
284892,1.0
395180,1.0
215826,1.0
432017,1.0
266920,1.0
360301,1.0
306900,1.0
127863,1.0
414926,1.0
286630,1.0
121177,0.0
241029,1.0
438164,1.0
385354,1.0
355772,0.0
323167,0.0
350496,1.0
325656,1.0
145753,0.0
412279,1.0
192439,1.0
257952,0.0
231783,1.0
412278,1.0
376020,1.0
395335,1.0
225840,1.0
410268,0.0
267534,1.0
256128,1.0
349216,1.0
315800,1.0
111894,1.0
123478,1.0
157705,1.0
417596,1.0
167598,1.0
147838,0.0
129705,1.0
411288,1.0
254529,0.0
226602,0.0
214914,1.0
162785,1.0
351438,1.0
148158,1.0
445266,1.0
108324,1.0
342046,1.0
214390,1.0
209391,1.0
454725,1.0
248831,1.0
357178,1.0
170035,1.0
300165,1.0
390221,1.0
407431,1.0
374210,1.0
319538,1.0
299360,1.0
245332,1.0
447678,1.0
290218,1.0
204062,1.0
227072,0.0
322658,1.0
358571,1.0
408892,1.0
356785,1.0
339080,0.0
158583,1.0
416939,0.0
124365,0.0
159753,1.0
116886,0.0
247630,1.0
272332,1.0
407566,1.0
236440,1.0
169755,1.0
262627,1.0
342027,1.0
148858,1.0
119729,1.0
431923,1.0
339651,1.0
108477,1.0
416723,1.0
181341,1.0
333055,0.0
320139,1.0
422593,1.0
167442,1.0
300510,1.0
266696,1.0
280807,1.0
417835,0.0
367042,0.0
299644,1.0
357186,1.0
171888,1.0
112484,1.0
311832,1.0
388426,1.0
369024,1.0
268490,0.0
318945,1.0
187660,0.0
424782,1.0
248820,1.0
386368,0.0
379158,0.0
142595,1.0
412122,1.0
218256,1.0
435167,1.0
136845,1.0
211492,1.0
278465,1.0
361471,1.0
334939,1.0
372511,0.0
181264,0.0
243982,1.0
139392,1.0
381315,1.0
157720,1.0
229245,1.0
266194,0.0
181384,1.0
314981,1.0
174978,1.0
385492,1.0
231386,1.0
265694,1.0
245936,1.0
105032,1.0
190874,1.0
268195,1.0
331274,1.0
431690,1.0
175036,1.0
121788,1.0
292345,1.0
210988,1.0
131870,1.0
345709,1.0
219146,1.0
350707,1.0
347656,1.0
411908,1.0
347164,1.0
216404,1.0
347427,1.0
427414,1.0
360408,1.0
244780,1.0
126372,1.0
161412,1.0
178760,1.0
101357,0.0
372314,1.0
334682,1.0
224949,1.0
349877,1.0
395547,1.0
122111,1.0
325149,1.0
451219,1.0
306303,1.0
197258,1.0
377056,1.0
184466,1.0
452342,1.0
254013,1.0
304337,1.0
371775,1.0
121461,1.0
372121,1.0
208108,1.0
189096,1.0
356125,1.0
417534,1.0
280084,1.0
398130,1.0
208568,1.0
376424,0.0
326007,1.0
222495,1.0
327143,1.0
451341,1.0
440044,1.0
155363,1.0
341057,1.0
120384,1.0
286904,1.0
176788,1.0
212673,0.0
442678,1.0
419438,1.0
343152,1.0
348075,1.0
164043,1.0
165729,1.0
187221,0.0
348164,0.0
211914,1.0
333266,1.0
210596,1.0
141735,1.0
117444,1.0
363262,1.0
392216,1.0
442721,0.0
230617,1.0
256830,1.0
406608,1.0
451336,1.0
289974,1.0
201743,1.0
143329,1.0
449291,1.0
188661,1.0
131171,1.0
290763,1.0
160602,1.0
149281,1.0
275356,1.0
429955,1.0
178332,1.0
226549,1.0
208776,1.0
346745,1.0
216853,1.0
182434,1.0
232258,1.0
334248,1.0
308361,1.0
330077,1.0
366868,1.0
223382,1.0
256720,0.0
192724,1.0
334750,1.0
156814,1.0
295226,1.0
173150,1.0
283427,1.0
371812,1.0
389293,1.0
345866,1.0
237305,0.0
441716,1.0
130716,1.0
203858,1.0
301092,1.0
156334,1.0
399139,1.0
367528,1.0
129681,1.0
172308,1.0
178694,1.0
414806,1.0
143764,0.0
214161,1.0
222640,1.0
339054,1.0
228146,1.0
179648,1.0
138925,1.0
329216,1.0
308178,1.0
297237,1.0
336776,1.0
261003,1.0
333256,1.0
425178,1.0
154956,1.0
397441,1.0
327612,1.0
306380,1.0
103991,1.0
145530,1.0
175142,1.0
242503,1.0
190120,1.0
112221,1.0
231291,0.0
203477,1.0
141412,1.0
166381,1.0
229133,1.0
126166,1.0
391585,1.0
292057,1.0
264268,1.0
225176,1.0
225298,1.0
427910,1.0
110055,1.0
448543,1.0
326427,1.0
284323,0.0
185925,1.0
416219,1.0
336478,1.0
115952,1.0
186031,1.0
317139,1.0
377284,1.0
134830,1.0
258101,1.0
103681,1.0
120899,1.0
316323,0.0
146643,1.0
276881,0.0
190589,1.0
151647,1.0
296681,1.0
400960,1.0
208709,0.0
174279,1.0
222918,1.0
166684,1.0
299654,1.0
165471,0.0
413404,1.0
386397,1.0
175154,1.0
158666,1.0
415380,1.0
204188,1.0
299754,1.0
442082,1.0
419884,1.0
122578,1.0
282305,1.0
448859,1.0
209432,1.0
406684,1.0
148338,1.0
282325,1.0
422289,1.0
284460,1.0
453877,1.0
373511,1.0
328301,1.0
252328,1.0
303114,1.0
306065,1.0
394500,1.0
194004,0.0
274842,1.0
219802,1.0
408576,1.0
329610,1.0
361488,1.0
219985,1.0
403367,1.0
399157,1.0
193200,1.0
243654,1.0
314349,1.0
203812,1.0
387252,1.0
358664,0.0
332002,1.0
144117,1.0
321939,1.0
406391,1.0
251205,1.0
376366,1.0
387593,1.0
317064,1.0
189115,0.0
286615,1.0
327315,1.0
407087,1.0
454227,1.0
102115,0.0
413575,1.0
116928,1.0
340213,1.0
165950,0.0
230261,1.0
409725,1.0
127923,1.0
361681,1.0
141156,1.0
250040,1.0
193886,1.0
247388,1.0
187854,1.0
358700,1.0
187145,1.0
371263,1.0
350221,1.0
342092,1.0
329193,1.0
416932,1.0
422705,1.0
264321,1.0
251711,1.0
231092,1.0
346624,0.0
440800,1.0
200798,1.0
434235,1.0
408344,1.0
343051,1.0
194831,1.0
155165,1.0
427556,1.0
259788,1.0
404967,1.0
389851,1.0
286232,1.0
311944,1.0
155562,1.0
124286,1.0
102959,1.0
189114,1.0
250566,1.0
226352,1.0
351917,1.0
292675,1.0
372667,1.0
407183,1.0
308137,1.0
372755,0.0
385258,1.0
117869,1.0
173809,1.0
133193,1.0
116390,1.0
159899,1.0
113305,1.0
298647,1.0
231216,1.0
441062,1.0
355021,1.0
255046,1.0
326449,1.0
372588,1.0
381537,1.0
428741,1.0
307990,1.0
117984,1.0
227573,0.0
132237,1.0
337268,1.0
220233,0.0
414163,1.0
450326,1.0
268888,0.0
439980,1.0
116382,1.0
224826,1.0
276166,1.0
258268,1.0
205246,1.0
195391,0.0
353079,1.0
415492,1.0
292979,1.0
200227,1.0
353144,0.0
366231,1.0
207518,0.0
101531,1.0
418704,1.0
291403,1.0
406229,1.0
377608,1.0
388381,1.0
151258,1.0
446715,1.0
255440,1.0
160364,1.0
405034,1.0
345997,1.0
244105,0.0
353416,1.0
394647,1.0
417904,1.0
336231,1.0
400370,1.0
346947,1.0
377381,1.0
408422,1.0
395889,1.0
121824,1.0
107876,1.0
345804,1.0
159759,1.0
139107,0.0
436962,1.0
278060,1.0
345901,1.0
362307,1.0
217129,0.0
139344,1.0
265104,1.0
389835,1.0
117764,0.0
221982,1.0
104795,1.0
347720,1.0
115138,1.0
357793,0.0
151544,1.0
100776,1.0
188371,1.0
351664,1.0
148813,1.0
104662,1.0
364995,1.0
210301,1.0
353961,0.0
194040,1.0
188096,1.0
257346,1.0
303315,1.0
233015,1.0
442868,1.0
213121,1.0
207853,1.0
126609,1.0
145571,1.0
265248,0.0
319856,1.0
424319,1.0
112184,1.0
272410,1.0
318673,1.0
318349,1.0
420718,1.0
428676,1.0
205347,1.0
109051,1.0
123812,1.0
225634,1.0
187975,1.0
372577,1.0
131059,1.0
114760,1.0
196996,1.0
271613,1.0
371727,1.0
426075,0.0
424525,1.0
232005,1.0
451385,1.0
284296,0.0
349165,1.0
316962,1.0
119449,1.0
427380,1.0
398761,1.0
173011,1.0
447442,1.0
149696,1.0
165898,1.0
229533,0.0
231264,1.0
333567,1.0
362758,1.0
456248,1.0
168609,1.0
166607,1.0
326333,1.0
389311,1.0
374767,1.0
106339,0.0
359631,1.0
120897,1.0
176169,1.0
360654,1.0
294361,1.0
370418,1.0
300161,1.0
325022,1.0
409847,1.0
202118,1.0
286616,1.0
343515,1.0
306186,1.0
340143,1.0
388240,1.0
445550,1.0
271326,1.0
152232,1.0
304233,1.0
247236,1.0
363445,1.0
306616,1.0
171495,1.0
190648,1.0
404055,1.0
355205,1.0
239842,1.0
446311,1.0
438322,0.0
342162,1.0
336392,0.0
354018,1.0
396730,1.0
279383,1.0
385445,1.0
321438,1.0
108368,1.0
158716,1.0
449943,1.0
357740,1.0
235431,1.0
110461,1.0
321199,1.0
201603,1.0
419125,1.0
211947,1.0
277363,0.0
164161,0.0
345294,1.0
113139,1.0
196921,1.0
249931,1.0
383487,1.0
208823,1.0
448256,0.0
126770,1.0
393285,0.0
415610,1.0
291797,1.0
180738,1.0
332907,1.0
394263,1.0
340391,1.0
446599,1.0
275566,0.0
184474,1.0
440716,1.0
427960,1.0
447544,1.0
315057,1.0
100665,1.0
427739,1.0
430358,1.0
434770,1.0
233616,1.0
389979,1.0
212059,1.0
105518,1.0
150426,1.0
140730,1.0
329657,1.0
409838,1.0
149783,1.0
115657,1.0
260904,0.0
346439,1.0
420447,1.0
408216,1.0
222612,1.0
161304,1.0
235510,1.0
174244,0.0
260036,1.0
238534,1.0
194517,1.0
146182,1.0
345081,1.0
432353,0.0
387799,1.0
413142,1.0
143352,1.0
232280,1.0
232644,1.0
402873,1.0
190508,1.0
338081,0.0
283841,1.0
423695,1.0
197373,1.0
254271,1.0
430799,0.0
217009,1.0
371076,1.0
339997,0.0
233659,1.0
208176,0.0
177593,1.0
239582,0.0
234349,1.0
289287,1.0
354634,1.0
125348,1.0
391850,1.0
126500,0.0
195976,0.0
372181,1.0
181408,1.0
251137,1.0
310993,1.0
450268,1.0
275496,1.0
200997,1.0
228231,1.0
275028,1.0
437466,1.0
384942,1.0
221938,1.0
308431,1.0
228449,1.0
452640,0.0
397817,1.0
276775,1.0
315177,1.0
301099,1.0
243627,1.0
204420,1.0
196211,0.0
402631,1.0
202949,1.0
159653,1.0
230450,1.0
295722,1.0
179584,1.0
341498,1.0
403750,1.0
414414,1.0
217546,1.0
421189,1.0
112864,1.0
430082,1.0
428249,1.0
283212,1.0
447328,1.0
119792,1.0
167042,1.0
272822,1.0
200985,1.0
333383,1.0
289994,1.0
356874,1.0
305561,1.0
334582,1.0
384484,1.0
282416,1.0
397738,1.0
258720,0.0
216144,1.0
289749,1.0
254626,0.0
359909,1.0
173281,0.0
147648,1.0
327498,1.0
434432,1.0
293045,1.0
322245,1.0
252989,1.0
453461,1.0
110166,0.0
245678,1.0
385610,0.0
429654,1.0
327120,1.0
319908,1.0
154069,1.0
117693,1.0
361084,1.0
251708,1.0
366162,1.0
361076,1.0
374744,1.0
147016,1.0
341604,1.0
260453,1.0
407963,1.0
450891,1.0
167049,1.0
208209,1.0
344580,1.0
388474,1.0
186401,1.0
310815,1.0
351266,1.0
440715,0.0
265842,1.0
245688,1.0
101735,1.0
147467,1.0
371785,1.0
388168,1.0
135068,0.0
147376,1.0
255774,1.0
392841,1.0
414993,1.0
391716,1.0
387712,1.0
254741,1.0
328115,1.0
419085,1.0
250451,1.0
375651,1.0
268472,1.0
165218,1.0
308811,1.0
306833,1.0
161540,1.0
202361,1.0
373575,1.0
136214,1.0
280186,1.0
348387,1.0
155770,1.0
406392,1.0
301197,1.0
124245,1.0
455760,1.0
232955,1.0
368979,0.0
349782,1.0
232800,1.0
301871,1.0
227636,0.0
434182,1.0
268843,1.0
157856,1.0
213067,1.0
215487,1.0
330831,1.0
385422,1.0
215497,1.0
395170,1.0
133291,0.0
323840,1.0
273619,1.0
215529,1.0
196923,0.0
113878,1.0
338645,1.0
117696,1.0
446154,1.0
372737,1.0
136512,1.0
415137,1.0
297047,1.0
287147,0.0
431884,0.0
435776,1.0
293516,1.0
248185,0.0
266352,0.0
112140,1.0
303093,1.0
173548,1.0
221609,1.0
396273,1.0
221157,0.0
279544,1.0
398107,1.0
161293,1.0
171732,1.0
327171,0.0
319811,1.0
402771,0.0
262512,1.0
323322,1.0
148186,1.0
410934,1.0
301369,1.0
240375,0.0
181242,1.0
102631,1.0
426380,1.0
300520,1.0
127845,1.0
412594,1.0
276760,1.0
289039,1.0
237530,1.0
350885,0.0
104968,1.0
372282,1.0
298361,1.0
274278,0.0
306480,1.0
304183,1.0
122245,1.0
452261,1.0
122887,1.0
428568,1.0
445009,1.0
304284,1.0
364174,1.0
168659,1.0
281627,1.0
103406,1.0
258913,1.0
332573,1.0
215459,1.0
361953,1.0
239813,1.0
202294,0.0
180638,1.0
331648,1.0
148295,1.0
254201,1.0
402037,0.0
397443,1.0
408310,1.0
279098,0.0
188953,1.0
129226,1.0
324526,1.0
412901,1.0
247851,1.0
387682,1.0
146062,1.0
112782,1.0
111783,1.0
353173,1.0
272870,1.0
447314,1.0
335660,1.0
373013,1.0
387206,1.0
251819,1.0
279207,1.0
379605,1.0
150015,1.0
236320,1.0
280421,1.0
164099,1.0
438335,1.0
243025,1.0
119273,1.0
418744,1.0
127117,1.0
178275,1.0
212070,1.0
291223,0.0
447506,1.0
435659,1.0
163627,1.0
180779,0.0
125141,1.0
281179,1.0
295460,1.0
254417,1.0
423440,1.0
314680,0.0
408038,1.0
121676,1.0
220116,1.0
255845,1.0
343064,1.0
190485,1.0
204240,1.0
283242,1.0
262868,1.0
304017,1.0
173078,1.0
119785,1.0
291583,1.0
262529,1.0
332316,1.0
192501,1.0
380210,1.0
113773,1.0
418503,1.0
379688,1.0
100333,1.0
449398,1.0
327929,1.0
176143,0.0
322676,1.0
390784,1.0
151705,0.0
334277,1.0
114518,1.0
134513,1.0
247468,0.0
235373,1.0
387407,1.0
103900,1.0
251584,0.0
141276,1.0
356136,0.0
313941,1.0
288205,1.0
406255,1.0
147871,1.0
112185,1.0
277523,1.0
451654,1.0
309397,1.0
356780,1.0
373949,1.0
233215,0.0
201716,1.0
364107,1.0
142971,1.0
352875,1.0
407398,1.0
436259,1.0
116849,1.0
142155,1.0
192332,1.0
303181,1.0
210441,1.0
190601,1.0
442605,1.0
267898,1.0
229758,1.0
337950,1.0
401585,0.0
390894,1.0
367293,1.0
409843,1.0
259107,1.0
280326,1.0
316841,1.0
260812,1.0
359784,1.0
445968,1.0
396457,1.0
168692,1.0
301985,1.0
135250,1.0
141625,1.0
304848,1.0
441186,1.0
347714,1.0
332768,1.0
171580,1.0
226863,0.0
221849,1.0
156032,1.0
452355,1.0
316136,1.0
390902,1.0
127535,1.0
303108,1.0
182223,0.0
298028,1.0
416569,0.0
383602,1.0
120219,0.0
287635,1.0
267055,1.0
292996,1.0
442674,1.0
338974,1.0
183569,1.0
212956,1.0
394252,1.0
197859,1.0
136225,1.0
383657,1.0
375711,1.0
440842,1.0
396353,0.0
161235,1.0
327475,1.0
283860,0.0
429453,1.0
160995,1.0
400411,1.0
313370,1.0
140871,1.0
305588,1.0
231349,1.0
303234,1.0
302022,1.0
446334,1.0
162223,1.0
148706,1.0
305208,1.0
417094,1.0
186302,1.0
421095,1.0
182679,1.0
384355,1.0
396268,1.0
328174,1.0
256257,1.0
135285,1.0
171444,1.0
187273,1.0
111087,1.0
434174,1.0
288148,1.0
257942,1.0
361677,1.0
143646,1.0
398089,0.0
279605,1.0
246011,1.0
308272,1.0
150898,1.0
410097,1.0
291892,1.0
144547,1.0
318887,1.0
259289,1.0
110032,1.0
138229,0.0
350360,1.0
181296,1.0
315721,1.0
286781,1.0
382118,1.0
210797,1.0
402518,1.0
251592,1.0
120492,0.0
165075,1.0
210754,1.0
181192,1.0
185810,1.0
433139,1.0
365622,1.0
106791,1.0
184822,1.0
325589,1.0
347607,1.0
421550,1.0
208706,1.0
103850,0.0
172056,1.0
266408,1.0
231371,1.0
372231,1.0
348851,1.0
136106,1.0
102965,1.0
153640,1.0
194437,1.0
296458,1.0
127619,1.0
150129,1.0
339114,1.0
338972,1.0
297571,0.0
150086,1.0
348944,1.0
291112,1.0
444003,1.0
302986,1.0
235795,0.0
196718,1.0
355627,1.0
228515,0.0
259705,1.0
211588,1.0
211436,1.0
133380,1.0
292982,1.0
437809,1.0
373361,1.0
354915,0.0
307488,1.0
438588,1.0
232252,1.0
329090,1.0
121638,1.0
229182,1.0
198738,1.0
403098,1.0
431842,1.0
104856,1.0
166737,1.0
356599,1.0
269568,0.0
303532,1.0
352764,1.0
413656,1.0
194099,1.0
362081,1.0
390234,1.0
372055,0.0
186788,0.0
339110,0.0
277885,1.0
444610,1.0
124766,1.0
232041,1.0
296258,1.0
193615,1.0
210234,1.0
288783,1.0
186136,0.0
312861,0.0
338159,1.0
358134,1.0
113653,1.0
441269,1.0
452639,0.0
177267,1.0
410793,1.0
305525,1.0
158729,1.0
415512,1.0
221863,1.0
359132,1.0
335118,0.0
371067,1.0
307113,0.0
200097,1.0
373960,1.0
177163,1.0
288834,1.0
220789,1.0
327174,0.0
343176,1.0
234995,1.0
123185,0.0
169164,1.0
317960,1.0
248829,1.0
141441,1.0
167988,0.0
245280,0.0
380780,1.0
119406,1.0
397297,1.0
147175,1.0
356576,1.0
429922,1.0
359037,1.0
393914,1.0
292614,1.0
205549,1.0
390681,1.0
358736,1.0
101073,1.0
194047,1.0
177708,1.0
284491,1.0
200419,1.0
307510,1.0
306338,1.0
314314,1.0
167070,0.0
136098,1.0
205723,1.0
133904,1.0
366464,1.0
223429,1.0
399445,1.0
361247,1.0
350548,1.0
433907,1.0
325434,1.0
339707,1.0
453575,1.0
137141,1.0
376210,1.0
349469,1.0
191986,1.0
197985,1.0
434893,0.0
223134,1.0
197301,1.0
395874,1.0
233325,1.0
267122,0.0
310447,1.0
409202,0.0
431874,1.0
404973,1.0
333014,1.0
271902,1.0
163656,1.0
401918,1.0
337725,1.0
178464,1.0
368609,1.0
179417,1.0
123090,1.0
423930,1.0
400181,1.0
337339,1.0
356452,0.0
442670,1.0
292341,1.0
417740,0.0
209336,1.0
187518,0.0
377288,1.0
344603,1.0
411537,1.0
351038,1.0
347112,1.0
366730,1.0
256934,1.0
315593,1.0
391483,1.0
289555,1.0
190971,1.0
114479,1.0
308318,1.0
199309,1.0
130999,1.0
104519,0.0
105198,1.0
455753,1.0
118932,1.0
404499,1.0
151373,1.0
354691,1.0
233515,1.0
127154,1.0
124562,0.0
159535,0.0
162631,1.0
191661,1.0
252583,1.0
185128,0.0
210434,1.0
153781,1.0
297135,0.0
347469,0.0
252453,1.0
141048,1.0
445233,1.0
349529,1.0
219227,0.0
421268,1.0
384195,1.0
429387,0.0
212546,1.0
332343,1.0
140810,1.0
371847,1.0
246086,1.0
197099,1.0
433593,1.0
142368,1.0
214055,1.0
353883,1.0
168479,1.0
181841,1.0
329943,1.0
333106,1.0
351867,1.0
379797,1.0
369153,1.0
315600,1.0
340138,1.0
380881,1.0
102816,0.0
115900,1.0
374539,1.0
322708,1.0
223916,1.0
334567,1.0
170307,1.0
217679,1.0
263322,1.0
295943,1.0
234636,1.0
168805,1.0
127559,1.0
131884,0.0
332120,1.0
288867,1.0
245993,1.0
126075,1.0
259255,0.0
361286,1.0
372716,1.0
111546,1.0
206207,1.0
154152,0.0
186299,1.0
332734,0.0
399431,1.0
297365,1.0
377535,1.0
419596,0.0
248859,1.0
156272,1.0
294407,1.0
331309,1.0
358819,1.0
287810,1.0
434202,1.0
261852,1.0
350750,1.0
114801,1.0
267667,1.0
437104,1.0
204966,1.0
421416,1.0
162364,1.0
159794,1.0
303523,1.0
202352,1.0
342500,1.0
380449,1.0
332381,1.0
352585,1.0
319752,1.0
291260,1.0
390741,1.0
341095,1.0
135908,0.0
280079,1.0
215865,1.0
353346,1.0
393379,1.0
127114,1.0
300124,0.0
283723,1.0
408023,1.0
313278,1.0
251471,1.0
103596,1.0
187513,1.0
196368,1.0
285236,1.0
225995,0.0
192736,1.0
220853,1.0
195892,1.0
174387,1.0
393204,1.0
140035,1.0
429572,1.0
201855,1.0
442204,1.0
406648,1.0
363920,1.0
345801,1.0
289233,1.0
410966,1.0
427943,0.0
351011,1.0
434776,1.0
299025,1.0
431282,1.0
274470,1.0
203611,1.0
301471,0.0
368098,1.0
326956,1.0
319972,0.0
366787,0.0
121787,1.0
392996,1.0
326183,1.0
423346,1.0
172143,1.0
450811,0.0
395865,1.0
342570,1.0
422215,1.0
409611,1.0
154387,1.0
177015,1.0
332436,1.0
290457,1.0
403623,1.0
111371,1.0
302540,1.0
159388,1.0
258566,1.0
287557,1.0
322764,0.0
445710,1.0
256648,1.0
198167,1.0
302838,1.0
242454,1.0
251822,1.0
178126,0.0
196473,1.0
220557,1.0
208101,1.0
209819,0.0
149974,1.0
247743,1.0
277608,1.0
130822,1.0
152012,1.0
247233,1.0
218194,1.0
431143,1.0
416097,1.0
389383,1.0
427904,1.0
318302,0.0
383995,1.0
217286,1.0
266389,1.0
280331,1.0
271554,1.0
409842,1.0
171510,1.0
435327,1.0
165841,1.0
143323,1.0
281046,1.0
158108,1.0
426867,1.0
188360,1.0
247730,1.0
115280,1.0
407493,0.0
173447,1.0
186591,0.0
168168,1.0
419931,1.0
455999,1.0
431964,1.0
404841,1.0
269551,1.0
351415,1.0
374059,1.0
429909,0.0
129114,1.0
388064,1.0
408077,1.0
361795,1.0
308768,1.0
441296,1.0
178770,1.0
413928,1.0
257453,1.0
349279,1.0
417001,1.0
109313,1.0
392358,1.0
263236,1.0
145191,0.0
304457,1.0
253765,1.0
223912,1.0
231169,1.0
386353,1.0
285132,0.0
212797,1.0
414327,1.0
239397,1.0
436943,1.0
145971,1.0
296745,1.0
373034,0.0
156531,1.0
330853,0.0
409351,1.0
269640,1.0
385173,1.0
226403,1.0
254494,1.0
320841,1.0
114069,0.0
123010,1.0
243461,1.0
350770,1.0
322148,0.0
185227,1.0
385591,1.0
365568,1.0
180437,1.0
392711,1.0
360237,1.0
106078,1.0
436589,1.0
126293,1.0
285589,1.0
111941,1.0
195146,1.0
316361,1.0
245338,1.0
431518,1.0
229143,1.0
239188,0.0
336399,1.0
206150,0.0
358737,1.0
321157,0.0
345577,1.0
148807,1.0
149014,0.0
328708,1.0
209320,1.0
247015,1.0
134067,1.0
175803,1.0
189955,1.0
280382,1.0
276193,1.0
371642,0.0
279864,1.0
105727,1.0
363473,1.0
361513,1.0
215068,1.0
356531,1.0
137390,1.0
257368,1.0
121209,1.0
398518,0.0
210194,1.0
159416,1.0
349324,1.0
235121,1.0
121146,1.0
132173,1.0
280701,1.0
160050,1.0
372933,1.0
175699,1.0
244422,1.0
177210,1.0
293794,0.0
320556,1.0
418872,0.0
407976,1.0
280077,0.0
160868,1.0
302910,1.0
134432,1.0
105107,1.0
257915,0.0
245334,1.0
326321,1.0
423614,1.0
442551,1.0
136948,1.0
344347,0.0
276853,1.0
385412,1.0
139302,1.0
284839,1.0
184332,1.0
308105,1.0
430108,1.0
126931,1.0
195560,1.0
128589,1.0
253197,1.0
334326,1.0
203474,1.0
388830,0.0
349237,1.0
286574,1.0
158542,0.0
142321,1.0
226091,1.0
135557,1.0
339675,1.0
267232,1.0
107634,1.0
288370,1.0
246779,1.0
165459,1.0
404339,1.0
303326,1.0
401315,1.0
405665,1.0
123605,1.0
254760,1.0
278012,1.0
350729,0.0
452665,1.0
268529,0.0
122531,1.0
285143,1.0
206412,0.0
237033,1.0
175582,1.0
162995,1.0
446234,1.0
393764,1.0
438149,1.0
242659,0.0
393575,1.0
232243,1.0
277251,1.0
147162,1.0
200294,1.0
256389,0.0
152184,1.0
104141,1.0
157224,1.0
247684,1.0
413956,1.0
407125,1.0
235188,1.0
263417,1.0
141017,1.0
131081,1.0
367010,1.0
349308,1.0
166877,1.0
254348,1.0
173789,1.0
167551,1.0
300575,1.0
396488,1.0
294413,1.0
323672,1.0
128436,1.0
306512,1.0
160533,1.0
434992,1.0
314203,1.0
373629,1.0
147003,1.0
386172,1.0
444116,0.0
401711,1.0
308295,1.0
169977,0.0
192132,1.0
253756,1.0
172298,1.0
144943,1.0
401193,1.0
413063,1.0
424308,1.0
353204,0.0
431330,1.0
386678,0.0
397000,1.0
239646,0.0
291391,1.0
300055,1.0
441670,1.0
231795,1.0
412166,1.0
246903,1.0
339205,1.0
148453,0.0
248908,1.0
206184,1.0
145703,1.0
310056,1.0
144293,1.0
440251,0.0
321776,1.0
327520,1.0
173361,1.0
190472,1.0
354750,1.0
205840,1.0
308307,1.0
270721,1.0
194498,1.0
327566,0.0
444802,1.0
251277,1.0
357533,1.0
265772,1.0
285950,1.0
274805,1.0
169846,1.0
262819,1.0
203484,1.0
113816,1.0
297552,1.0
192356,1.0
369287,1.0
333898,1.0
344330,1.0
225989,1.0
250435,1.0
225111,0.0
325301,1.0
149510,1.0
167832,1.0
252975,1.0
249072,1.0
298387,1.0
332389,1.0
117943,1.0
421024,1.0
276279,1.0
404619,1.0
232681,1.0
393095,1.0
367809,1.0
142235,1.0
249958,1.0
250380,0.0
141307,1.0
126359,1.0
358665,1.0
323907,1.0
241162,1.0
239647,0.0
294648,1.0
401665,1.0
212199,1.0
243254,1.0
351941,1.0
426866,1.0
453474,1.0
185472,1.0
270367,1.0
429168,1.0
421607,1.0
102044,1.0
189105,1.0
369022,1.0
400986,1.0
124788,1.0
376600,1.0
415368,1.0
420561,1.0
280837,1.0
342209,1.0
432225,1.0
381520,1.0
136988,1.0
253993,1.0
242737,1.0
394187,0.0
203577,1.0
439137,1.0
128209,1.0
233214,1.0
429865,0.0
412857,1.0
133293,1.0
383580,1.0
330653,1.0
250147,0.0
349020,0.0
367390,0.0
141665,1.0
422500,1.0
366310,1.0
449861,1.0
338739,1.0
314793,0.0
287889,0.0
237968,1.0
399138,1.0
159632,0.0
244115,1.0
307931,1.0
340494,1.0
148092,1.0
280105,1.0
161480,1.0
278202,1.0
373184,1.0
412405,1.0
166689,1.0
284165,1.0
376816,1.0
409969,1.0
196775,1.0
184797,1.0
403867,1.0
414067,1.0
182896,1.0
249914,1.0
252315,1.0
331367,1.0
125644,1.0
125721,1.0
259948,1.0
237333,1.0
286028,0.0
211649,1.0
400756,1.0
344867,1.0
212783,0.0
146517,1.0
323542,1.0
363941,1.0
301777,1.0
105561,1.0
192536,1.0
415997,1.0
244599,1.0
291169,0.0
180181,1.0
277248,1.0
420965,1.0
183482,1.0
454886,1.0
418686,1.0
307479,1.0
215298,1.0
349521,0.0
198671,1.0
314072,1.0
107538,1.0
384228,0.0
193361,1.0
231456,1.0
176162,1.0
386237,0.0
308448,1.0
162302,1.0
210025,1.0
313713,1.0
391333,1.0
197313,1.0
165930,1.0
227204,1.0
144693,1.0
353293,1.0
131173,1.0
350308,1.0
285294,1.0
186363,1.0
441698,1.0
296504,0.0
420494,1.0
157633,1.0
433298,1.0
242095,1.0
393093,1.0
122543,0.0
138604,1.0
420045,1.0
310275,1.0
326508,1.0
352252,1.0
158169,1.0
441595,1.0
383559,1.0
108260,1.0
294745,1.0
226894,1.0
215451,0.0
377281,1.0
192499,1.0
152289,1.0
270902,1.0
363800,1.0
205163,1.0
294098,1.0
313368,1.0
264768,1.0
449608,1.0
431850,1.0
313683,1.0
312784,1.0
235988,1.0
360619,1.0
163319,1.0
268622,1.0
408585,1.0
436108,1.0
129339,1.0
165327,0.0
308690,1.0
178059,1.0
283099,1.0
124639,1.0
374483,1.0
211369,1.0
280532,0.0
130257,1.0
105237,1.0
197035,1.0
376548,0.0
158467,1.0
446488,1.0
150906,1.0
303003,1.0
285273,1.0
157825,1.0
437660,0.0
296293,1.0
182910,1.0
321595,1.0
136171,0.0
117630,1.0
438830,1.0
271594,1.0
393396,1.0
437558,0.0
237330,1.0
147526,1.0
315006,1.0
218395,1.0
114135,1.0
155242,1.0
350423,1.0
317040,1.0
139257,1.0
438077,1.0
180749,0.0
203634,1.0
154535,1.0
145278,1.0
207131,1.0
201561,0.0
103893,1.0
132191,1.0
368372,0.0
278136,0.0
321279,1.0
352012,1.0
202403,1.0
444365,1.0
348961,1.0
427831,1.0
239203,0.0
231602,1.0
215404,1.0
137196,0.0
388770,1.0
310991,1.0
342076,1.0
189802,1.0
312485,1.0
370364,1.0
181959,1.0
436456,0.0
407835,1.0
395605,1.0
215701,1.0
243071,1.0
294877,1.0
238970,0.0
201168,1.0
216166,1.0
213099,1.0
429560,1.0
292018,1.0
317868,1.0
268042,1.0
326605,1.0
259347,1.0
416192,1.0
196715,1.0
237345,1.0
302353,1.0
155199,1.0
396189,1.0
245440,1.0
119479,1.0
344530,0.0
210072,1.0
404300,1.0
303230,1.0
444446,0.0
119568,0.0
287119,1.0
411874,1.0
310394,1.0
398990,1.0
455261,1.0
358845,1.0
123254,1.0
350861,1.0
340997,1.0
435984,1.0
113135,1.0
275094,1.0
149406,1.0
425296,1.0
338093,1.0
445381,1.0
384298,1.0
323618,1.0
254413,1.0
159536,1.0
148627,1.0
226201,0.0
380088,1.0
113542,1.0
241688,1.0
111886,0.0
198328,1.0
372805,1.0
122295,0.0
193842,0.0
184209,1.0
352660,1.0
250055,1.0
316408,1.0
233133,1.0
324121,0.0
400691,1.0
309197,0.0
339303,0.0
324711,1.0
256741,1.0
182892,1.0
158993,1.0
357299,1.0
187036,1.0
241918,1.0
423326,1.0
191191,1.0
141209,1.0
101411,0.0
274556,1.0
164096,1.0
404094,1.0
127005,1.0
219301,0.0
175602,1.0
307376,1.0
374219,1.0
300719,1.0
358229,1.0
290740,1.0
287027,1.0
223581,1.0
133510,1.0
151573,1.0
184051,0.0
328726,1.0
321923,1.0
190464,1.0
154103,1.0
233073,1.0
326268,1.0
435445,1.0
159137,1.0
201779,1.0
411574,1.0
444606,1.0
356495,1.0
345522,1.0
152774,0.0
259963,1.0
153372,1.0
404394,1.0
281213,1.0
204266,1.0
380224,1.0
350115,1.0
325267,0.0
111979,1.0
142670,1.0
279523,1.0
109838,1.0
327645,1.0
248024,1.0
262435,1.0
260596,1.0
185545,1.0
177147,1.0
169650,1.0
215481,1.0
104451,1.0
181355,1.0
317417,1.0
229818,1.0
427749,1.0
179162,0.0
273906,1.0
149099,1.0
104601,1.0
119746,1.0
316140,1.0
289632,1.0
373078,1.0
186126,1.0
273924,1.0
131626,1.0
393307,1.0
143499,1.0
121833,1.0
301249,1.0
166229,1.0
395925,1.0
421403,1.0
437313,1.0
195544,1.0
267939,1.0
356794,1.0
195712,1.0
138766,1.0
317977,1.0
434405,0.0
347373,1.0
369321,1.0
342140,1.0
311145,1.0
277793,1.0
185280,1.0
261737,1.0
385012,1.0
273757,1.0
440013,1.0
262588,1.0
340957,1.0
410337,1.0
436780,1.0
190834,1.0
110926,1.0
289612,1.0
179563,1.0
190361,1.0
276044,1.0
248481,1.0
316577,1.0
447133,1.0
385673,1.0
129263,1.0
312591,1.0
378007,1.0
166758,1.0
235595,0.0
405727,1.0
337351,1.0
330340,1.0
448228,1.0
244559,1.0
255594,1.0
410757,1.0
280844,1.0
441548,1.0
265399,1.0
369749,1.0
193782,1.0
200944,1.0
452490,1.0
310683,1.0
407859,1.0
292760,1.0
298811,1.0
394703,1.0
424199,1.0
310327,1.0
416708,1.0
318227,1.0
121520,1.0
343459,1.0
296723,1.0
380731,1.0
314516,1.0
300100,1.0
436012,1.0
453336,1.0
452407,1.0
171846,1.0
246509,1.0
331820,1.0
428268,1.0
432328,1.0
117106,1.0
454393,1.0
295450,1.0
416783,1.0
438819,1.0
324873,1.0
278557,1.0
446735,1.0
340274,1.0
450361,1.0
234432,1.0
251092,0.0
213695,1.0
257065,1.0
388178,1.0
119171,1.0
366550,1.0
437527,0.0
341808,1.0
125780,1.0
267626,1.0
278091,1.0
396101,1.0
405907,1.0
187469,0.0
376231,1.0
232543,1.0
291706,1.0
122413,1.0
296388,1.0
137496,1.0
233035,1.0
216182,1.0
313839,1.0
450218,1.0
211993,1.0
239731,1.0
116149,1.0
112536,0.0
397370,1.0
201304,1.0
387883,1.0
167119,1.0
318346,0.0
219110,1.0
312187,1.0
200221,1.0
438235,1.0
354499,1.0
379152,1.0
235392,1.0
320878,1.0
416913,1.0
165234,1.0
316325,1.0
191300,1.0
183491,1.0
437076,1.0
153306,1.0
396873,1.0
201465,0.0
452241,1.0
349983,1.0
451925,1.0
223478,1.0
250196,1.0
450250,1.0
263474,1.0
211476,1.0
422036,1.0
218024,0.0
178349,0.0
453758,1.0
143488,1.0
422498,1.0
387259,1.0
318223,1.0
123311,1.0
195798,1.0
160153,1.0
369747,1.0
346008,1.0
389240,1.0
227816,1.0
159127,1.0
241066,1.0
368798,1.0
270446,1.0
279056,1.0
397516,1.0
177103,1.0
376423,1.0
271623,1.0
243368,1.0
220318,1.0
353162,1.0
110850,1.0
274358,1.0
114205,1.0
321815,1.0
307189,1.0
336176,1.0
423407,1.0
162994,1.0
366210,1.0
231011,1.0
150002,1.0
369140,1.0
110127,1.0
150828,1.0
193943,1.0
217600,1.0
347185,1.0
237473,1.0
305805,1.0
415300,1.0
171880,1.0
200662,1.0
387328,1.0
325388,1.0
305107,1.0
336449,1.0
410804,1.0
339027,1.0
396601,1.0
242434,1.0
114783,1.0
305259,1.0
285502,1.0
163587,1.0
154440,1.0
169399,1.0
214954,1.0
396556,1.0
322392,1.0
237799,1.0
129414,1.0
264876,1.0
445703,1.0
131662,1.0
378686,1.0
290698,1.0
272879,1.0
134515,1.0
363953,1.0
336900,1.0
262957,1.0
250367,1.0
191184,1.0
254929,1.0
150555,1.0
370215,1.0
431997,1.0
307604,0.0
307295,0.0
211237,1.0
206002,1.0
351058,1.0
394838,1.0
223641,1.0
221476,1.0
357396,1.0
245027,1.0
340485,1.0
450483,0.0
121306,1.0
179257,1.0
120731,0.0
122442,0.0
149466,1.0
142307,1.0
300815,1.0
146914,1.0
204995,1.0
380089,1.0
152372,1.0
232425,1.0
170716,1.0
368524,1.0
420156,0.0
383234,0.0
222106,1.0
365076,1.0
295867,1.0
103402,1.0
330267,1.0
442569,1.0
258027,1.0
303750,1.0
215422,1.0
328982,1.0
320951,1.0
150141,1.0
415465,0.0
158761,1.0
164238,1.0
278773,1.0
395720,1.0
245634,1.0
215207,1.0
116866,1.0
377278,1.0
277860,0.0
420409,0.0
330960,1.0
191790,1.0
428197,1.0
202551,1.0
420236,1.0
163753,1.0
426338,1.0
235086,1.0
366102,1.0
314633,1.0
143406,1.0
327346,1.0
260876,1.0
221971,1.0
162580,1.0
114440,1.0
199911,1.0
357350,1.0
327163,1.0
149395,1.0
253666,1.0
209247,1.0
449143,1.0
385021,1.0
252727,1.0
115464,1.0
216736,1.0
130069,1.0
190397,1.0
376392,1.0
340339,1.0
253292,0.0
350235,1.0
416014,1.0
436920,1.0
346949,1.0
440542,1.0
407492,1.0
351697,1.0
290368,1.0
327228,1.0
386968,1.0
298254,1.0
423420,1.0
413055,1.0
138449,1.0
413933,0.0
137723,1.0
383058,1.0
405725,1.0
111033,0.0
445017,0.0
343214,1.0
278651,1.0
442192,1.0
390659,1.0
149061,1.0
204798,1.0
213407,1.0
161127,1.0
400150,1.0
279411,1.0
116514,1.0
188206,1.0
219439,0.0
362942,1.0
415053,1.0
356620,1.0
378767,1.0
410763,1.0
125064,1.0
264306,1.0
434711,1.0
277634,1.0
383334,0.0
148613,1.0
202395,1.0
196895,0.0
326889,1.0
359366,1.0
250283,1.0
138459,1.0
209135,1.0
180482,1.0
260109,1.0
249080,0.0
398036,0.0
227691,1.0
272257,1.0
400151,1.0
269014,1.0
166723,1.0
228434,1.0
244926,1.0
151491,1.0
413123,1.0
379398,1.0
356949,1.0
161226,1.0
248402,1.0
235058,0.0
129058,1.0
232992,1.0
157163,1.0
343186,1.0
280689,1.0
368141,1.0
114442,1.0
395434,1.0
116310,1.0
187364,0.0
372756,0.0
322292,1.0
226666,1.0
239301,1.0
436629,1.0
228602,1.0
307627,1.0
132567,1.0
140272,1.0
217182,1.0
226870,1.0
171568,1.0
351232,0.0
121589,1.0
331305,1.0
141450,1.0
183073,1.0
131129,1.0
329620,1.0
430649,1.0
120782,1.0
369633,0.0
291283,1.0
336066,1.0
347068,1.0
185292,1.0
229422,1.0
413278,1.0
444289,1.0
218826,1.0
118885,1.0
448200,1.0
175361,1.0
430657,1.0
196626,1.0
288767,1.0
235527,1.0
116048,0.0
412554,1.0
347895,1.0
236556,1.0
389116,1.0
341694,1.0
416752,1.0
340843,1.0
445905,1.0
150171,1.0
452923,1.0
215806,0.0
256780,1.0
184612,1.0
358862,1.0
277967,1.0
114039,1.0
247550,1.0
343967,1.0
301809,1.0
381241,1.0
429996,1.0
300962,1.0
153637,1.0
234211,1.0
196063,1.0
429170,1.0
121064,1.0
434786,1.0
336297,1.0
104155,1.0
439221,1.0
167552,1.0
260553,1.0
135986,1.0
390272,1.0
417575,1.0
436590,1.0
349945,1.0
450184,1.0
233250,1.0
370493,1.0
151955,1.0
216942,1.0
255846,1.0
386878,1.0
325559,1.0
277638,1.0
119566,1.0
390158,1.0
205915,1.0
202525,1.0
361276,1.0
455049,1.0
292616,0.0
347934,1.0
336625,0.0
224451,1.0
326815,1.0
316533,1.0
394061,1.0
130644,1.0
256219,1.0
235007,1.0
167864,1.0
240728,1.0
131113,1.0
262313,1.0
336349,1.0
395629,1.0
446420,1.0
115927,1.0
320880,0.0
404917,1.0
405172,0.0
223875,1.0
343308,1.0
110395,1.0
394494,1.0
386312,1.0
126489,1.0
220341,0.0
173742,1.0
194668,1.0
223215,1.0
145048,0.0
146963,1.0
134354,1.0
448391,1.0
180446,1.0
442499,1.0
103055,1.0
424691,1.0
428381,1.0
417134,1.0
265526,1.0
353637,1.0
325386,1.0
306809,0.0
200628,1.0
304393,1.0
219769,1.0
257189,1.0
340043,1.0
236572,1.0
229473,0.0
391064,1.0
312141,1.0
448782,1.0
328490,1.0
320013,0.0
331872,1.0
215393,1.0
394631,1.0
103686,1.0
372227,1.0
279670,0.0
199646,0.0
197755,1.0
402162,0.0
439291,1.0
400850,1.0
364723,0.0
301598,1.0
438282,1.0
346819,1.0
154906,0.0
396318,1.0
251414,1.0
251406,0.0
173841,1.0
364519,1.0
338835,1.0
155348,1.0
212860,1.0
292461,1.0
197190,1.0
201525,1.0
150505,1.0
375223,1.0
196153,1.0
225667,1.0
270313,1.0
239208,1.0
332202,1.0
136692,0.0
138052,1.0
264952,1.0
349470,1.0
322343,1.0
395382,1.0
235626,1.0
249175,0.0
327139,1.0
106959,1.0
232456,1.0
326854,1.0
194801,1.0
160832,0.0
251211,1.0
316256,1.0
261144,0.0
133118,1.0
351938,1.0
177244,1.0
386068,1.0
120791,1.0
253858,1.0
161103,1.0
367368,1.0
433989,1.0
392277,1.0
421405,1.0
252045,1.0
435764,1.0
354305,1.0
223908,1.0
242012,1.0
112976,0.0
291014,1.0
194747,1.0
440581,1.0
113304,1.0
424873,1.0
294711,1.0
122240,1.0
242935,1.0
447215,1.0
136042,1.0
141204,1.0
450620,1.0
147113,1.0
215493,1.0
448574,1.0
377547,1.0
287869,0.0
237380,1.0
411506,1.0
100944,1.0
315485,1.0
354212,1.0
393151,1.0
294885,1.0
415556,1.0
421851,1.0
426030,1.0
220104,0.0
378665,1.0
378281,0.0
401041,1.0
100164,1.0
150430,1.0
398167,1.0
120690,1.0
411792,0.0
306485,0.0
432898,1.0
428477,1.0
349413,1.0
352757,0.0
361090,1.0
360686,1.0
178827,0.0
396277,1.0
400690,0.0
224569,1.0
375527,1.0
190852,1.0
221361,1.0
129363,1.0
209143,1.0
350632,1.0
244281,1.0
326964,1.0
181849,1.0
201883,0.0
156950,1.0
112639,0.0
217545,1.0
431821,1.0
219600,1.0
381234,1.0
163987,0.0
367198,1.0
200708,0.0
331172,1.0
333946,1.0
437468,1.0
209106,0.0
201188,1.0
422418,1.0
121172,1.0
221359,1.0
412469,1.0
426411,1.0
430203,1.0
385359,0.0
169642,1.0
386430,0.0
332946,1.0
421217,1.0
154928,1.0
103378,1.0
154082,1.0
445519,0.0
246938,0.0
242909,1.0
360587,1.0
132700,1.0
425278,1.0
308651,1.0
183572,0.0
228071,1.0
344593,1.0
292069,1.0
132936,1.0
418864,1.0
176468,1.0
179884,0.0
319284,1.0
393535,1.0
258872,1.0
256734,1.0
430205,1.0
334696,1.0
210103,1.0
284877,1.0
220374,1.0
308345,1.0
368535,1.0
363286,1.0
311920,1.0
133471,1.0
309499,1.0
427830,1.0
295008,1.0
344562,1.0
345724,1.0
398201,1.0
340345,0.0
404627,1.0
357690,1.0
130367,1.0
361065,1.0
119245,0.0
349597,1.0
389228,0.0
205616,1.0
359087,1.0
110334,1.0
210352,1.0
170130,1.0
324333,1.0
348383,1.0
276031,1.0
320535,1.0
347810,1.0
415899,1.0
141739,1.0
328225,1.0
301636,1.0
110473,1.0
218506,1.0
310725,1.0
328105,1.0
212599,1.0
410700,1.0
347568,1.0
390486,1.0
367307,1.0
392226,1.0
123968,1.0
446590,1.0
257281,1.0
409528,1.0
262284,1.0
262325,1.0
254841,1.0
217765,1.0
199980,1.0
105535,1.0
239689,1.0
295085,1.0
293769,1.0
373371,1.0
440374,1.0
404758,1.0
399027,1.0
360483,1.0
361878,1.0
202733,1.0
413432,0.0
343635,1.0
440204,1.0
315109,1.0
233753,1.0
139936,1.0
180119,1.0
195670,1.0
173383,1.0
259251,1.0
404885,1.0
405616,0.0
106139,1.0
358411,0.0
398783,0.0
169664,1.0
422646,1.0
272792,1.0
330599,1.0
311173,1.0
132079,1.0
330426,0.0
168818,1.0
273814,1.0
376112,1.0
225573,1.0
406933,1.0
234010,1.0
385793,1.0
242628,1.0
255220,1.0
175446,1.0
382855,1.0
306931,0.0
149142,1.0
223286,1.0
127662,1.0
418216,1.0
230751,1.0
144873,1.0
344305,1.0
372135,1.0
454726,0.0
334847,1.0
144757,1.0
163328,1.0
367814,1.0
408633,1.0
448290,1.0
109762,1.0
391440,1.0
150286,0.0
270249,1.0
199369,1.0
424926,0.0
415710,1.0
396365,1.0
361891,1.0
116868,1.0
285230,1.0
370260,1.0
226142,0.0
393747,1.0
440582,1.0
249777,1.0
222727,1.0
400216,1.0
101220,1.0
303966,1.0
447848,1.0
300795,1.0
397098,1.0
125884,1.0
226724,1.0
370612,1.0
393520,1.0
244994,1.0
102241,1.0
216491,1.0
309486,1.0
421757,1.0
449549,1.0
292309,1.0
144137,1.0
422362,1.0
165647,1.0
128598,0.0
349905,1.0
319076,1.0
279362,1.0
449728,1.0
370823,1.0
413234,1.0
198223,1.0
345283,1.0
269850,1.0
283476,1.0
190527,1.0
414848,1.0
339945,1.0
103075,1.0
203275,1.0
285172,0.0
215990,1.0
423455,1.0
245132,1.0
139896,1.0
104224,1.0
343447,1.0
292293,1.0
189437,1.0
231627,1.0
319466,1.0
309757,1.0
376879,1.0
218277,1.0
336138,1.0
278491,0.0
261023,0.0
452606,0.0
188393,1.0
380296,1.0
158722,1.0
357934,1.0
199250,1.0
167441,1.0
336326,1.0
139091,1.0
223778,1.0
118705,1.0
221551,1.0
454167,1.0
208065,0.0
294472,1.0
309186,1.0
376806,1.0
416753,1.0
278330,1.0
109826,1.0
244116,1.0
437501,1.0
229240,0.0
308860,0.0
104948,1.0
344987,1.0
446350,1.0
270960,1.0
380463,0.0
202089,0.0
374222,1.0
368947,1.0
277585,1.0
155252,1.0
364625,1.0
303576,1.0
174056,1.0
388180,1.0
177601,1.0
322783,1.0
298774,1.0
119878,1.0
353403,1.0
243074,1.0
387710,0.0
105131,1.0
375896,1.0
163928,0.0
411088,1.0
294963,1.0
138145,1.0
225541,1.0
121951,1.0
353450,1.0
318652,1.0
324547,1.0
242713,1.0
152661,1.0
195303,1.0
216861,1.0
186100,1.0
139926,1.0
366400,1.0
170070,1.0
282471,1.0
187570,1.0
242053,1.0
351716,1.0
380613,1.0
359481,1.0
348201,0.0
337926,1.0
381012,1.0
401084,1.0
434274,1.0
200333,1.0
191068,0.0
259564,1.0
179863,1.0
151320,1.0
327845,1.0
410630,1.0
305621,1.0
304187,1.0
331595,1.0
403011,1.0
209206,1.0
101187,1.0
318816,1.0
134148,1.0
237540,1.0
331325,1.0
130201,1.0
415719,1.0
198562,1.0
291551,1.0
303758,0.0
354924,1.0
453429,1.0
328483,1.0
281327,1.0
174376,0.0
134948,1.0
292947,0.0
102986,1.0
239738,1.0
273862,1.0
378609,0.0
116004,1.0
353535,1.0
381829,1.0
276770,1.0
338064,1.0
164614,1.0
335772,1.0
429001,1.0
388988,1.0
125479,0.0
144388,1.0
169181,1.0
107353,1.0
349801,1.0
229093,1.0
181576,0.0
389786,1.0
294973,0.0
138276,1.0
153418,1.0
112143,1.0
280406,0.0
241219,1.0
157156,1.0
190195,1.0
290222,1.0
324013,1.0
169295,1.0
306602,0.0
382315,1.0
343616,0.0
290329,1.0
318369,0.0
282438,1.0
316146,1.0
305742,1.0
377708,1.0
430832,1.0
282665,1.0
275171,1.0
439578,1.0
251394,1.0
116503,1.0
435467,0.0
234864,1.0
316451,1.0
174620,1.0
200252,1.0
255112,1.0
275724,1.0
266449,1.0
282867,1.0
104242,1.0
191704,1.0
282370,1.0
287678,1.0
349211,1.0
146223,1.0
284982,1.0
296219,0.0
213955,1.0
108513,1.0
271482,1.0
167237,1.0
279438,0.0
420471,0.0
101573,1.0
429490,1.0
349046,1.0
309215,1.0
181617,1.0
147559,1.0
347345,1.0
323369,1.0
371270,1.0
425759,1.0
196431,1.0
378411,1.0
215776,1.0
389028,1.0
453812,1.0
433899,1.0
390180,1.0
406747,1.0
387779,1.0
142831,0.0
257573,1.0
354447,1.0
241478,1.0
124113,1.0
366134,1.0
430341,1.0
211279,1.0
416293,1.0
452520,1.0
179820,1.0
221212,1.0
285483,1.0
392695,1.0
360208,1.0
279440,1.0
251103,1.0
100790,1.0
221704,1.0
249458,1.0
211714,1.0
223327,1.0
373787,1.0
417037,1.0
128990,0.0
301840,1.0
276377,1.0
129656,1.0
248311,1.0
335873,1.0
182900,1.0
188225,1.0
305885,1.0
133089,0.0
390625,1.0
297603,1.0
454697,1.0
417009,1.0
313112,1.0
442475,1.0
283349,0.0
406078,1.0
306888,1.0
310637,1.0
168337,1.0
224784,1.0
168368,1.0
350030,1.0
431551,1.0
337517,1.0
325311,1.0
212013,0.0
169305,1.0
111326,0.0
286720,1.0
155304,1.0
354261,1.0
399428,1.0
102455,1.0
421577,1.0
243605,1.0
276736,1.0
382535,1.0
228853,1.0
438062,1.0
206954,0.0
442169,1.0
182970,1.0
121871,1.0
337281,1.0
226983,1.0
365920,1.0
440901,1.0
213379,1.0
298052,1.0
234533,1.0
123855,1.0
328187,1.0
341146,1.0
190395,1.0
362211,1.0
409473,1.0
399029,1.0
215969,1.0
195621,1.0
410215,1.0
350674,0.0
430331,1.0
306388,1.0
436246,1.0
255555,1.0
213905,0.0
115508,1.0
169996,1.0
374630,1.0
370157,1.0
328266,1.0
258008,1.0
363562,1.0
441282,1.0
130608,1.0
268868,1.0
141856,1.0
395937,1.0
247631,1.0
298276,0.0
205582,1.0
142003,1.0
219162,1.0
359458,1.0
379078,1.0
275979,1.0
130416,1.0
308716,1.0
217040,0.0
358248,1.0
287174,1.0
216172,1.0
257622,1.0
145115,1.0
251916,1.0
258214,1.0
177308,0.0
432621,1.0
180712,1.0
147100,1.0
242669,1.0
164065,1.0
196903,1.0
145459,1.0
276286,1.0
380647,1.0
269752,1.0
384771,1.0
186734,1.0
119226,1.0
170317,1.0
250181,1.0
375491,1.0
149705,1.0
252824,0.0
402452,1.0
304421,1.0
397589,1.0
182409,1.0
231404,1.0
442694,1.0
304796,1.0
158682,1.0
187843,1.0
390313,1.0
146584,0.0
264803,1.0
319592,1.0
104443,1.0
449439,1.0
219991,1.0
260656,1.0
136866,1.0
432636,1.0
410978,0.0
110261,0.0
130516,1.0
338282,1.0
386478,1.0
178243,1.0
330676,1.0
105794,1.0
244741,1.0
221124,1.0
305937,0.0
108900,1.0
152167,1.0
212366,1.0
320997,1.0
436406,1.0
276753,1.0
348101,1.0
445885,1.0
232719,1.0
214851,1.0
208460,1.0
155943,1.0
305648,1.0
354936,1.0
338634,1.0
286190,1.0
452443,1.0
253608,0.0
385336,1.0
202546,1.0
297824,0.0
164760,0.0
128713,1.0
369534,1.0
298913,1.0
400042,1.0
172464,1.0
428648,1.0
351672,1.0
359102,0.0
328316,0.0
320092,1.0
395804,0.0
144185,1.0
238609,1.0
204729,1.0
215576,1.0
353940,1.0
447826,0.0
339889,1.0
445843,1.0
281735,1.0
239987,1.0
277233,0.0
428677,0.0
147817,1.0
296054,1.0
174249,1.0
384973,0.0
430663,1.0
316894,1.0
319508,1.0
158887,1.0
321859,1.0
367462,0.0
248912,0.0
157779,1.0
285410,1.0
165792,1.0
103580,1.0
329422,1.0
152557,1.0
319218,1.0
311490,1.0
324294,1.0
125314,1.0
184035,1.0
107963,0.0
355429,1.0
108569,1.0
247026,1.0
240049,1.0
206951,1.0
428840,1.0
259414,1.0
428190,1.0
372062,1.0
332407,1.0
422201,1.0
439940,1.0
121441,1.0
424824,1.0
171250,1.0
258740,0.0
234886,1.0
147369,1.0
352832,1.0
425221,0.0
202127,1.0
145774,1.0
132160,1.0
249736,1.0
278266,1.0
285291,1.0
328978,1.0
140556,1.0
227403,1.0
325947,1.0
454424,1.0
373883,1.0
410332,1.0
308654,1.0
310643,1.0
421155,1.0
134006,1.0
366232,1.0
349085,1.0
277657,1.0
179617,1.0
278857,1.0
331536,1.0
409047,1.0
242340,1.0
204452,1.0
354321,1.0
436969,1.0
347063,1.0
207581,0.0
222304,1.0
214027,0.0
235975,1.0
349161,1.0
258920,1.0
352674,1.0
381293,1.0
225445,1.0
392312,1.0
109854,1.0
423568,1.0
114007,1.0
450643,1.0
301222,1.0
418434,1.0
136565,1.0
101127,1.0
154932,1.0
213342,1.0
207420,1.0
129203,1.0
373312,1.0
329908,1.0
124714,1.0
198342,1.0
247927,1.0
148046,1.0
161390,1.0
106716,1.0
177725,1.0
278340,1.0
